{
    "camera":{
        "Camera_TP": "6380519",
        "Camera_SS": "6380520",
        "Camera_LS": "6372467"
    },
    "lines" :{
        "top":{            
            "h_p": [547, 1181, 1811],
            "v_p": [626, 2088, 3555],
            "y": [
                [22.79167, 1.58333],
                [49.20833, 1.58333],
                [75.45833, 1.58333]
            ],
            "x": [
                [14.76415, 0.89623],
                [49.24528, 0.89623],
                [83.84434, 0.89623]
            ],
            "width": 38
        },
        "longside":{
            "h": [1134],
            "v": [204, 2093, 4000],
            "width": 50,
            "x":[
                [4.81132, 1.17924],
                [49.36321, 1.17924],
                [94.33962, 1.17924]
            ],
            "y":[
                [47.25, 2.08333]
            ]
        },
        "shortside":{
            "h": [1120],
            "v": [1180, 2090, 3006],
            "width": 50,
            "x":[
                [27.83019, 1.17924],
                [49.29245, 1.17924],
                [70.89622, 1.17924]
            ],
            "y":[
                [46.66667, 2.08333]
            ]
        }
    }
}
